Vendor,Count,Varieties,Variety
yunnansourcing.com,440,"Pu-Erh,Black,White,Purple,Herbal,Green",Black
tezumi.com,246,"Green,Black,White,Oolong",Green
yunnansourcing.us,209,"Pu-Erh,Black,White,Purple,Herbal,Green",White
adagio.com,199,"Blends,Black,Oolong,White,Green,Herbal,Pu-Erh,Matcha",Oolong
harney.com,187,"Green,Oolong,Black,Herbal,Matcha",Pu-Erh
white2tea.com,149,"Pu-Erh,Black,White,Oolong",Herbal
yunomi.life,138,"Green,Matcha,Black,Oolong",Matcha
teaware.house,131,,Blends
verdanttea.com,101,"Green,Black,Oolong,Pu-Erh,White,Herbal,Blends",Yellow
meileaf.com,96,"White,Green,Matcha,Yellow,Oolong,Black,Pu-Erh,Herbal",Purple
uptontea.com,82,"Green,Black,Oolong,White,Herbal,Pu-Erh,Matcha",
bitterleafteas.com,81,"Pu-Erh,White,Yellow,Black,Oolong",
ippodotea.com,81,"Green,Matcha",
camellia-sinensis.com,78,"White,Yellow,Green,Black,Pu-Erh,Herbal,Blends,Oolong",
teasenz.com,74,"Pu-Erh,Green,White,Oolong,Black,Herbal",
teavivre.com,65,"Green,Black,White,Oolong,Pu-Erh,Yellow,Herbal,Blends",
redblossomtea.com,56,"White,Green,Oolong,Black,Pu-Erh",
mudandleaves.com,48,"Green,White,Pu-Erh,Oolong,Black",
artisticnippon.com,47,,
mountainstreamteas.com,45,"Oolong,Black,Green,Blends,Pu-Erh,White",
